{
  "run_id": "20260601-145546-b29b3236",
  "raw_metrics": {
    "mae": 88.49848635778324,
    "rmse": 127.5058985424733,
    "bias": -39.39644792147526,
    "within_60": 49.376321096236545,
    "within_120": 75.72292815666076,
    "p50": 61.0,
    "p90": 197.0,
    "p95": 264.0,
    "over_promise": 15.052357929007021,
    "under_promise": 35.57132097475643,
    "n": 205795
  },
  "final_metrics": {
    "mae": 77.45715477953938,
    "rmse": 111.65276925600438,
    "bias": -16.82023956219208,
    "within_60": 53.65290701912097,
    "within_120": 80.9562914550888,
    "p50": 54.83462886904272,
    "p90": 168.94363287477003,
    "p95": 228.70261492642382,
    "over_promise": 19.761413056682624,
    "under_promise": 26.58567992419641,
    "n": 205795,
    "mae_vs_raw": -11.041331578243856,
    "rmse_vs_raw": -15.853129286468928,
    "mae_imp_pct": 12.476294265198804,
    "rmse_imp_pct": 12.43325169085265
  },
  "best_blocks": [
    "base_eta",
    "time_basic",
    "time_cyclic",
    "driver_bias"
  ],
  "best_params": {
    "objective": "regression_l1",
    "metric": "mae",
    "verbosity": -1,
    "device": "cpu",
    "seed": 42,
    "learning_rate": 0.07584442335012195,
    "num_leaves": 55,
    "min_data_in_leaf": 53,
    "feature_fraction": 0.9939819704323989,
    "bagging_fraction": 0.9664885281600843,
    "bagging_freq": 2,
    "lambda_l1": 0.000533703276260396,
    "lambda_l2": 0.0005415244119402539
  }
}