{
  "Baseline (driver_eta)": {
    "mae": 88.14623975657827,
    "rmse": 127.96360904217892,
    "mean_error": -39.5232599149407,
    "p50_ae": 61.0,
    "p80_ae": 136.0,
    "p90_ae": 196.0,
    "p95_ae": 263.0,
    "within_60": 49.64558625220428,
    "within_120": 75.97593444210091,
    "overpromise_gt60": 14.713184191418,
    "underpromise_gt60": 35.641229556377716
  },
  "LightGBM": {
    "mae": 76.55385883220217,
    "rmse": 111.05535050080977,
    "mean_error": -20.497350570242993,
    "p50_ae": 54.00286361361378,
    "p80_ae": 114.94241492782281,
    "p90_ae": 166.76874842441543,
    "p95_ae": 226.0755862648663,
    "within_60": 54.248469969918055,
    "within_120": 81.34366031603332,
    "overpromise_gt60": 18.267003215656445,
    "underpromise_gt60": 27.484526814425504
  },
  "Quantile q50": {
    "mae": 76.14483118882187,
    "rmse": 110.23187003827123,
    "mean_error": -15.817502073429097,
    "p50_ae": 54.024928003475566,
    "p80_ae": 114.2959473898894,
    "p90_ae": 165.43011210922063,
    "p95_ae": 222.97464746084782,
    "within_60": 54.22564918225511,
    "within_120": 81.6527782580132,
    "overpromise_gt60": 19.672210504477718,
    "underpromise_gt60": 26.102140313267174
  },
  "Quantile q90 (conservative)": {
    "mae": 143.1986291937513,
    "rmse": 169.27103701640578,
    "mean_error": 124.3468988996775,
    "p50_ae": 133.86973006908897,
    "p80_ae": 206.6019830613924,
    "p90_ae": 252.43930668520338,
    "p95_ae": 299.4853095421903,
    "within_60": 17.488330279035992,
    "within_120": 43.20320874105321,
    "overpromise_gt60": 77.50700183257841,
    "underpromise_gt60": 5.004667888385602
  }
}