{
  "Baseline (driver_eta)": {
    "mae": 88.14623975657827,
    "rmse": 127.96360904217892,
    "mean_error": -39.5232599149407,
    "p50_ae": 61.0,
    "p80_ae": 136.0,
    "p90_ae": 196.0,
    "p95_ae": 263.0,
    "within_60": 49.64558625220428,
    "within_120": 75.97593444210091,
    "overpromise_gt60": 14.713184191418,
    "underpromise_gt60": 35.641229556377716
  },
  "mix LightGBM": {
    "mae": 76.38603136591775,
    "rmse": 110.63826225968641,
    "mean_error": -18.90236853634024,
    "p50_ae": 53.934661780235956,
    "p80_ae": 115.1993604598386,
    "p90_ae": 166.4991700385908,
    "p95_ae": 224.66435152008822,
    "within_60": 54.3418277376301,
    "within_120": 81.28764565540611,
    "overpromise_gt60": 18.649424293765776,
    "underpromise_gt60": 27.00874796860413
  },
  "mix Quantile q50": {
    "mae": 76.03287173532463,
    "rmse": 109.94652595695794,
    "mean_error": -14.304055949288163,
    "p50_ae": 53.9549728968542,
    "p80_ae": 114.48110403178212,
    "p90_ae": 164.64360206570268,
    "p95_ae": 223.24865912511444,
    "within_60": 54.303793091525186,
    "within_120": 81.54558970989937,
    "overpromise_gt60": 20.112720860274543,
    "underpromise_gt60": 25.58348604820027
  }
}