{
  "params": {
    "objective": "regression_l1",
    "metric": "mae",
    "verbosity": -1,
    "device": "cpu",
    "seed": 42,
    "learning_rate": 0.04987765367029905,
    "num_leaves": 120,
    "min_data_in_leaf": 262,
    "feature_fraction": 0.6054781045640791,
    "bagging_fraction": 0.9449923596722283,
    "bagging_freq": 3,
    "lambda_l1": 0.0003460088720244179,
    "lambda_l2": 0.06773742001166304
  },
  "best_iteration": 1839
}