{
  "params": {
    "objective": "regression_l1",
    "metric": "mae",
    "verbosity": -1,
    "device": "cpu",
    "seed": 42,
    "learning_rate": 0.07584442335012195,
    "num_leaves": 55,
    "min_data_in_leaf": 53,
    "feature_fraction": 0.9939819704323989,
    "bagging_fraction": 0.9664885281600843,
    "bagging_freq": 2,
    "lambda_l1": 0.000533703276260396,
    "lambda_l2": 0.0005415244119402539
  },
  "best_iteration": 199
}